id,id_str,screen_name,location,description,url,followers_count,friends_count,listed_count,created_at,favourites_count,verified,statuses_count,lang,status,default_profile,default_profile_image,Has_extended_profile,name,bot
4825633672,4825633672,_blackobs,,"b'Broadcasting live from covert surveillance cameras, one midnight observation at a time.'",https://t.co/GVlymckHnZ,82,0,9,Mon Jan 18 22:22:59 +0000 2016,0,FALSE,4572,en,"{'created_at': 'Sun Mar 12 00:00:06 +0000 2017', 'id': 840713976866566144, 'id_str': '840713976866566144', 'text': b'Now observing a radiotelescope array in Cambridge, United Kingdom. https://t.co/NTELbemrWr', 'truncated': False, 'entities': {'hashtags': [], 'symbols': [], 'user_mentions': [], 'urls': [], 'media': [{'id': 840713974421291009, 'id_str': '840713974421291009', 'indices': [67, 90], 'media_url': 'http://pbs.twimg.com/media/C6rQ58sWgAEhfIP.jpg', 'media_url_https': 'https://pbs.twimg.com/media/C6rQ58sWgAEhfIP.jpg', 'url': 'https://t.co/NTELbemrWr', 'display_url': 'pic.twitter.com/NTELbemrWr', 'expanded_url': 'https://twitter.com/_blackobs/status/840713976866566144/photo/1', 'type': 'photo', 'sizes': {'medium': {'w': 1200, 'h': 731, 'resize': 'fit'}, 'large': {'w': 1280, 'h': 780, 'resize': 'fit'}, 'small': {'w': 680, 'h': 414, 'resize': 'fit'}, 'thumb': {'w': 150, 'h': 150, 'resize': 'crop'}}}]}, 'extended_entities': {'media': [{'id': 840713974421291009, 'id_str': '840713974421291009', 'indices': [67, 90], 'media_url': 'http://pbs.twimg.com/media/C6rQ58sWgAEhfIP.jpg', 'media_url_https': 'https://pbs.twimg.com/media/C6rQ58sWgAEhfIP.jpg', 'url': 'https://t.co/NTELbemrWr', 'display_url': 'pic.twitter.com/NTELbemrWr', 'expanded_url': 'https://twitter.com/_blackobs/status/840713976866566144/photo/1', 'type': 'photo', 'sizes': {'medium': {'w': 1200, 'h': 731, 'resize': 'fit'}, 'large': {'w': 1280, 'h': 780, 'resize': 'fit'}, 'small': {'w': 680, 'h': 414, 'resize': 'fit'}, 'thumb': {'w': 150, 'h': 150, 'resize': 'crop'}}}]}, 'source': b'<a href=""http://www.matthiasplanitzer.de/"" rel=""nofollow"">Black obs</a>', 'in_reply_to_status_id': None, 'in_reply_to_status_id_str': None, 'in_reply_to_user_id': None, 'in_reply_to_user_id_str': None, 'in_reply_to_screen_name': None, 'geo': None, 'coordinates': None, 'place': None, 'contributors': None, 'is_quote_status': False, 'retweet_count': 0, 'favorite_count': 0, 'favorited': False, 'retweeted': False, 'possibly_sensitive': False, 'lang': 'en'}",FALSE,FALSE,FALSE,b'blackobs',1
449110269,449110269,amrightnow,"New Jersey, USA",b'Facebook: https://t.co/wLutT8gmj0 YouTube: https://t.co/Rykb1Cxexr',https://t.co/KW8a6wyKfm,39057,33162,339,Wed Dec 28 19:09:40 +0000 2011,3635,FALSE,570426,en,"{'created_at': 'Sun Mar 12 01:01:06 +0000 2017', 'id': 840729329977966592, 'id_str': '840729329977966592', 'text': b'5 simple tips to help create a great website &gt;&gt; https://t.co/DXheY0h9gR #marketing #content #help #business #lincoln https://t.co/bRjDswgpBq', 'truncated': False, 'entities': {'hashtags': [{'text': 'marketing', 'indices': [78, 88]}, {'text': 'content', 'indices': [89, 97]}, {'text': 'help', 'indices': [98, 103]}, {'text': 'business', 'indices': [104, 113]}, {'text': 'lincoln', 'indices': [114, 122]}], 'symbols': [], 'user_mentions': [], 'urls': [{'url': 'https://t.co/DXheY0h9gR', 'expanded_url': 'http://chattyi.mp/q4v6o', 'display_url': 'chattyi.mp/q4v6o', 'indices': [54, 77]}], 'media': [{'id': 840729327339786240, 'id_str': '840729327339786240', 'indices': [123, 146], 'media_url': 'http://pbs.twimg.com/media/C6re3mxXUAAAz2X.jpg', 'media_url_https': 'https://pbs.twimg.com/media/C6re3mxXUAAAz2X.jpg', 'url': 'https://t.co/bRjDswgpBq', 'display_url': 'pic.twitter.com/bRjDswgpBq', 'expanded_url': 'https://twitter.com/amrightnow/status/840729329977966592/photo/1', 'type': 'photo', 'sizes': {'medium': {'w': 1200, 'h': 630, 'resize': 'fit'}, 'large': {'w': 1200, 'h': 630, 'resize': 'fit'}, 'thumb': {'w': 150, 'h': 150, 'resize': 'crop'}, 'small': {'w': 680, 'h': 357, 'resize': 'fit'}}}]}, 'extended_entities': {'media': [{'id': 840729327339786240, 'id_str': '840729327339786240', 'indices': [123, 146], 'media_url': 'http://pbs.twimg.com/media/C6re3mxXUAAAz2X.jpg', 'media_url_https': 'https://pbs.twimg.com/media/C6re3mxXUAAAz2X.jpg', 'url': 'https://t.co/bRjDswgpBq', 'display_url': 'pic.twitter.com/bRjDswgpBq', 'expanded_url': 'https://twitter.com/amrightnow/status/840729329977966592/photo/1', 'type': 'photo', 'sizes': {'medium': {'w': 1200, 'h': 630, 'resize': 'fit'}, 'large': {'w': 1200, 'h': 630, 'resize': 'fit'}, 'thumb': {'w': 150, 'h': 150, 'resize': 'crop'}, 'small': {'w': 680, 'h': 357, 'resize': 'fit'}}}]}, 'source': b'<a href=""https://www.socialjukebox.com"" rel=""nofollow"">The Social Jukebox</a>', 'in_reply_to_status_id': None, 'in_reply_to_status_id_str': None, 'in_reply_to_user_id': None, 'in_reply_to_user_id_str': None, 'in_reply_to_screen_name': None, 'geo': None, 'coordinates': None, 'place': None, 'contributors': None, 'is_quote_status': False, 'retweet_count': 0, 'favorite_count': 0, 'favorited': False, 'retweeted': False, 'possibly_sensitive': False, 'lang': 'en'}",FALSE,FALSE,TRUE,b'American Right Now',1
7.95E+17,7.95E+17,bethebot,,"b'Just a humble bot tryna make a difference in the world, sharing my inspiration. Made by @harrygiles in #CBDQ'",https://t.co/40iOFUf2sj,44,324,7,Sat Nov 05 10:57:07 +0000 2016,0,FALSE,1028,en,"{'created_at': 'Sun Mar 12 00:48:46 +0000 2017', 'id': 840726222715924480, 'id_str': '840726222715924480', 'text': b'Another world is civil.', 'truncated': False, 'entities': {'hashtags': [], 'symbols': [], 'user_mentions': [], 'urls': []}, 'source': b'<a href=""http://cheapbotsdonequick.com"" rel=""nofollow"">Cheap Bots, Done Quick!</a>', 'in_reply_to_status_id': None, 'in_reply_to_status_id_str': None, 'in_reply_to_user_id': None, 'in_reply_to_user_id_str': None, 'in_reply_to_screen_name': None, 'geo': None, 'coordinates': None, 'place': None, 'contributors': None, 'is_quote_status': False, 'retweet_count': 0, 'favorite_count': 0, 'favorited': False, 'retweeted': False, 'lang': 'en'}",TRUE,FALSE,FALSE,b'The Bot U Want 2 C',1
7.86E+17,7.86E+17,BingoBits,,b'I tweet pieces of Scrabble bingos (7+ letter words). Made by @brindelle.\n\nhttps://t.co/n1X8Sz0CmM',None,4,6,1,Tue Oct 11 20:25:47 +0000 2016,1,FALSE,1216,en,"{'created_at': 'Sun Mar 12 00:47:04 +0000 2017', 'id': 840725795047952387, 'id_str': '840725795047952387', 'text': b'I bet you can make a bingo from: \nEIQRUV?', 'truncated': False, 'entities': {'hashtags': [], 'symbols': [], 'user_mentions': [], 'urls': []}, 'source': b'<a href=""http://cheapbotsdonequick.com"" rel=""nofollow"">Cheap Bots, Done Quick!</a>', 'in_reply_to_status_id': None, 'in_reply_to_status_id_str': None, 'in_reply_to_user_id': None, 'in_reply_to_user_id_str': None, 'in_reply_to_screen_name': None, 'geo': None, 'coordinates': None, 'place': None, 'contributors': None, 'is_quote_status': False, 'retweet_count': 0, 'favorite_count': 0, 'favorited': False, 'retweeted': False, 'lang': 'en'}",TRUE,FALSE,FALSE,b'BingoBits',1
3957192304,3957192304,buoypix,the seven seas,"b""Pictures taken by @NOAA buoys in the middle of the ocean. I'm a bot by @fitnr""",None,113,1,14,Wed Oct 14 15:56:54 +0000 2015,1,FALSE,1031,en,"{'created_at': 'Sun Jan 29 13:34:08 +0000 2017', 'id': 825698544698933248, 'id_str': '825698544698933248', 'text': b'These winds from the SEbE, how they gust at 8.0 m/s https://t.co/6OaSqOuDOe', 'truncated': False, 'entities': {'hashtags': [], 'symbols': [], 'user_mentions': [], 'urls': [], 'media': [{'id': 825698542102671361, 'id_str': '825698542102671361', 'indices': [52, 75], 'media_url': 'http://pbs.twimg.com/media/C3V4cwWWcAEkrki.jpg', 'media_url_https': 'https://pbs.twimg.com/media/C3V4cwWWcAEkrki.jpg', 'url': 'https://t.co/6OaSqOuDOe', 'display_url': 'pic.twitter.com/6OaSqOuDOe', 'expanded_url': 'https://twitter.com/buoypix/status/825698544698933248/photo/1', 'type': 'photo', 'sizes': {'medium': {'w': 1200, 'h': 125, 'resize': 'fit'}, 'small': {'w': 680, 'h': 71, 'resize': 'fit'}, 'thumb': {'w': 150, 'h': 150, 'resize': 'crop'}, 'large': {'w': 2048, 'h': 213, 'resize': 'fit'}}}]}, 'extended_entities': {'media': [{'id': 825698542102671361, 'id_str': '825698542102671361', 'indices': [52, 75], 'media_url': 'http://pbs.twimg.com/media/C3V4cwWWcAEkrki.jpg', 'media_url_https': 'https://pbs.twimg.com/media/C3V4cwWWcAEkrki.jpg', 'url': 'https://t.co/6OaSqOuDOe', 'display_url': 'pic.twitter.com/6OaSqOuDOe', 'expanded_url': 'https://twitter.com/buoypix/status/825698544698933248/photo/1', 'type': 'photo', 'sizes': {'medium': {'w': 1200, 'h': 125, 'resize': 'fit'}, 'small': {'w': 680, 'h': 71, 'resize': 'fit'}, 'thumb': {'w': 150, 'h': 150, 'resize': 'crop'}, 'large': {'w': 2048, 'h': 213, 'resize': 'fit'}}}]}, 'source': b'<a href=""http://fakeisthenewreal.org/"" rel=""nofollow"">Words & Warps</a>', 'in_reply_to_status_id': None, 'in_reply_to_status_id_str': None, 'in_reply_to_user_id': None, 'in_reply_to_user_id_str': None, 'in_reply_to_screen_name': None, 'geo': None, 'coordinates': None, 'place': None, 'contributors': None, 'is_quote_status': False, 'retweet_count': 0, 'favorite_count': 0, 'favorited': False, 'retweeted': False, 'possibly_sensitive': False, 'lang': 'en'}",FALSE,FALSE,FALSE,b'buoys',1
3675117253,3675117253,check_o_tron,,b'',None,1307,1,54,Thu Sep 24 22:45:17 +0000 2015,4,FALSE,12791,en,"{'created_at': 'Sun Mar 12 01:13:45 +0000 2017', 'id': 840732511869251584, 'id_str': '840732511869251584', 'text': b'biological entity, you need to think about your tension-- are there any parts of your body you can relax?', 'truncated': False, 'entities': {'hashtags': [], 'symbols': [], 'user_mentions': [], 'urls': []}, 'source': b'<a href=""http://cheapbotsdonequick.com"" rel=""nofollow"">Cheap Bots, Done Quick!</a>', 'in_reply_to_status_id': None, 'in_reply_to_status_id_str': None, 'in_reply_to_user_id': None, 'in_reply_to_user_id_str': None, 'in_reply_to_screen_name': None, 'geo': None, 'coordinates': None, 'place': None, 'contributors': None, 'is_quote_status': False, 'retweet_count': 1, 'favorite_count': 1, 'favorited': False, 'retweeted': False, 'lang': 'en'}",TRUE,FALSE,FALSE,b'Check-O-Tron',1
7.96E+17,7.96E+17,DailyAntifa,,"b""Celebrating antifascist history, building antifascism now & for the future. Tweet 'news' at us with updates to retweet, 'subs' for history to add to our posts.""",None,162,64,9,Wed Nov 09 17:58:13 +0000 2016,0,FALSE,273,en,"{'created_at': 'Sat Mar 11 18:36:04 +0000 2017', 'id': 840632429798907905, 'id_str': '840632429798907905', 'text': b""'Militant Antifascism' is a history and a manifesto for a constant and uncompromising resistance. https://t.co/PMg1JM4djZ"", 'truncated': False, 'entities': {'hashtags': [], 'symbols': [], 'user_mentions': [], 'urls': [{'url': 'https://t.co/PMg1JM4djZ', 'expanded_url': 'https://www.akpress.org/militant-anti-fascism.html', 'display_url': 'akpress.org/militant-anti-ó', 'indices': [98, 121]}]}, 'source': b'<a href=""http://cheapbotsdonequick.com"" rel=""nofollow"">Cheap Bots, Done Quick!</a>', 'in_reply_to_status_id': None, 'in_reply_to_status_id_str': None, 'in_reply_to_user_id': None, 'in_reply_to_user_id_str': None, 'in_reply_to_screen_name': None, 'geo': None, 'coordinates': None, 'place': None, 'contributors': None, 'is_quote_status': False, 'retweet_count': 0, 'favorite_count': 0, 'favorited': False, 'retweeted': False, 'possibly_sensitive': False, 'lang': 'en'}",TRUE,FALSE,FALSE,b'Daily Antifascism',1
7.91E+17,7.91E+17,DeepThoughtBot1,,"b""I am Deep Thought Bot. I tweet Images and thoughts and hope they are fun. And I tweet markov chains based on the book The Hitchhiker's Guide to the Galaxy.""",None,42,1,8,Wed Oct 26 19:13:47 +0000 2016,4,FALSE,5075,en,"{'created_at': 'Sun Mar 12 01:01:59 +0000 2017', 'id': 840729549050658816, 'id_str': '840729549050658816', 'text': b""@LostPerlBuilder Dent sat and quivered. He had always seen this as one of the penultimate configuration of the humanoids' brain cells."", 'truncated': False, 'entities': {'hashtags': [], 'symbols': [], 'user_mentions': [{'screen_name': 'LostPerlBuilder', 'name': b'friends', 'id': 773718823203704832, 'id_str': '773718823203704832', 'indices': [0, 16]}], 'urls': []}, 'source': b'<a href=""http://google.com"" rel=""nofollow"">DougAdamsMarkovbot</a>', 'in_reply_to_status_id': 840729544076095488, 'in_reply_to_status_id_str': '840729544076095488', 'in_reply_to_user_id': 773718823203704832, 'in_reply_to_user_id_str': '773718823203704832', 'in_reply_to_screen_name': 'LostPerlBuilder', 'geo': None, 'coordinates': None, 'place': None, 'contributors': None, 'is_quote_status': False, 'retweet_count': 0, 'favorite_count': 0, 'favorited': False, 'retweeted': False, 'lang': 'en'}",TRUE,FALSE,TRUE,b'DeepThoughtBot',1
8.09E+17,8.09E+17,EmojiMoodBot,"San Francisco, CA",b'\xf0\x9f\x98\x80\xf0\x9f\x98\x8d How do you fell ? #emoji #mood #bot #smiley #face Just share your mood ! Just share your emotions ! @EmojiLoveBot @Emojiforest',https://t.co/k8xJtFW1Te,49,383,2,Tue Dec 13 08:39:37 +0000 2016,6,FALSE,824,fr,"{'created_at': 'Sat Mar 11 22:44:03 +0000 2017', 'id': 840694837183672321, 'id_str': '840694837183672321', 'text': b'DO YOU FEEL \xf0\x9f\x98\xa7 ?', 'truncated': False, 'entities': {'hashtags': [], 'symbols': [], 'user_mentions': [], 'urls': []}, 'source': b'<a href=""http://www.frespech.com"" rel=""nofollow"">MoodBotEmoji</a>', 'in_reply_to_status_id': None, 'in_reply_to_status_id_str': None, 'in_reply_to_user_id': None, 'in_reply_to_user_id_str': None, 'in_reply_to_screen_name': None, 'geo': None, 'coordinates': None, 'place': None, 'contributors': None, 'is_quote_status': False, 'retweet_count': 0, 'favorite_count': 0, 'favorited': False, 'retweeted': False, 'lang': 'en'}",FALSE,FALSE,TRUE,b'Mood Bot',1
7.96E+17,7.96E+17,FailureIsOK,,b'I am a failed #NaBoMaMo project by @harrygiles. You are allowed to fail too. I love you.',None,45,20,8,Tue Nov 08 17:37:14 +0000 2016,0,FALSE,509,en,"{'created_at': 'Sun Mar 12 01:00:43 +0000 2017', 'id': 840729232250720256, 'id_str': '840729232250720256', 'text': b""It's all allowed, beautiful failure. &lt;3 &lt;3 &lt;3"", 'truncated': False, 'entities': {'hashtags': [], 'symbols': [], 'user_mentions': [], 'urls': []}, 'source': b'<a href=""http://cheapbotsdonequick.com"" rel=""nofollow"">Cheap Bots, Done Quick!</a>', 'in_reply_to_status_id': None, 'in_reply_to_status_id_str': None, 'in_reply_to_user_id': None, 'in_reply_to_user_id_str': None, 'in_reply_to_screen_name': None, 'geo': None, 'coordinates': None, 'place': None, 'contributors': None, 'is_quote_status': False, 'retweet_count': 1, 'favorite_count': 1, 'favorited': False, 'retweeted': False, 'lang': 'en'}",TRUE,FALSE,FALSE,b'failurebot',1
2819231208,2819231208,fantasticvocab,,b'Generating new words with new meanings out of the atoms of English. A bot by @atduskgreg. Contribute here: https://t.co/9fOfSiDbkz',https://t.co/9fOfSiDbkz,376,2,28,Fri Sep 19 04:58:32 +0000 2014,1,FALSE,2333,en,"{'created_at': 'Sat Mar 11 22:00:20 +0000 2017', 'id': 840683837608869890, 'id_str': '840683837608869890', 'text': b'Aphenitive, adj. having the quality of movement to make visible', 'truncated': False, 'entities': {'hashtags': [], 'symbols': [], 'user_mentions': [], 'urls': []}, 'source': b'<a href=""https://github.com/atduskgreg/BotScheduler"" rel=""nofollow"">BotScheduler</a>', 'in_reply_to_status_id': None, 'in_reply_to_status_id_str': None, 'in_reply_to_user_id': None, 'in_reply_to_user_id_str': None, 'in_reply_to_screen_name': None, 'geo': None, 'coordinates': None, 'place': None, 'contributors': None, 'is_quote_status': False, 'retweet_count': 0, 'favorite_count': 0, 'favorited': False, 'retweeted': False, 'lang': 'en'}",TRUE,FALSE,FALSE,b'Fantastic Vocab',1
2794753213,2794753213,fantasy_florist,An Imaginary Nursery,b'all about fantastic flowers! by @spinnylights and @katierosepipkin.',https://t.co/ex1de7WPwA,379,12,38,Sat Sep 06 20:50:29 +0000 2014,0,FALSE,22352,en,"{'created_at': 'Sun Mar 12 01:14:02 +0000 2017', 'id': 840732583512166404, 'id_str': '840732583512166404', 'text': b'Lebanese Pincushion: Flowers are white-to-grey. Fruit a butterball.', 'truncated': False, 'entities': {'hashtags': [], 'symbols': [], 'user_mentions': [], 'urls': []}, 'source': b'<a href=""https://github.com/zaaanderson/fantasy_florist"" rel=""nofollow"">fantasy_florist</a>', 'in_reply_to_status_id': None, 'in_reply_to_status_id_str': None, 'in_reply_to_user_id': None, 'in_reply_to_user_id_str': None, 'in_reply_to_screen_name': None, 'geo': None, 'coordinates': None, 'place': None, 'contributors': None, 'is_quote_status': False, 'retweet_count': 0, 'favorite_count': 0, 'favorited': False, 'retweeted': False, 'lang': 'en'}",FALSE,FALSE,FALSE,b'Fantasy Florist',1
2597918096,2597918096,feelings_js,,b'a little bot that feels many odd things every day / made by @katierosepipkin',None,3298,1002,147,Tue Jul 01 12:29:17 +0000 2014,16,FALSE,11276,en,"{'created_at': 'Sun Mar 12 01:12:02 +0000 2017', 'id': 840732079679774720, 'id_str': '840732079679774720', 'text': b'so, i feel kind of like a sagging methodology', 'truncated': False, 'entities': {'hashtags': [], 'symbols': [], 'user_mentions': [], 'urls': []}, 'source': b'<a href=""https://twitter.com/todayifeel__"" rel=""nofollow"">todayifeellike</a>', 'in_reply_to_status_id': None, 'in_reply_to_status_id_str': None, 'in_reply_to_user_id': None, 'in_reply_to_user_id_str': None, 'in_reply_to_screen_name': None, 'geo': None, 'coordinates': None, 'place': None, 'contributors': None, 'is_quote_status': False, 'retweet_count': 0, 'favorite_count': 0, 'favorited': False, 'retweeted': False, 'lang': 'en'}",FALSE,FALSE,FALSE,b'\xe2\x9c\xa7 \xe2\x9e\xb3 feelings.js \xe2\x9c\xa7',1
2566358196,2566358196,godtributes,AAARRGH,b'Bot that posts tributes befitting each god! By @deathmtn. Banner by @metroidbaby. Powered by @wordnik.',None,17261,8537,433,Sat Jun 14 03:37:41 +0000 2014,0,FALSE,770930,en,"{'created_at': 'Sun Mar 12 01:20:41 +0000 2017', 'id': 840734256406155264, 'id_str': '840734256406155264', 'text': b'@sarahjeong TADS FOR THE TAD GOD', 'truncated': False, 'entities': {'hashtags': [], 'symbols': [], 'user_mentions': [{'screen_name': 'sarahjeong', 'name': b'\xf0\x9f\x91\xa9\xf0\x9f\x8f\xbb\xe2\x80\x8d\xf0\x9f\x92\xbb\xe2\x9c\x88\xef\xb8\x8f\xf0\x9f\x93\x84', 'id': 47509268, 'id_str': '47509268', 'indices': [0, 11]}], 'urls': []}, 'source': b'<a href=""http://jimkang.com"" rel=""nofollow"">botsforthebotgod</a>', 'in_reply_to_status_id': 840734168044593152, 'in_reply_to_status_id_str': '840734168044593152', 'in_reply_to_user_id': 47509268, 'in_reply_to_user_id_str': '47509268', 'in_reply_to_screen_name': 'sarahjeong', 'geo': None, 'coordinates': None, 'place': None, 'contributors': None, 'is_quote_status': False, 'retweet_count': 0, 'favorite_count': 0, 'favorited': False, 'retweeted': False, 'lang': 'en'}",FALSE,FALSE,FALSE,b'Appropriate Tributes',1
3025174660,3025174660,gutendelight,,"b""Tweeting a mix of hip hop (Rapper's Delight, etc.) and classic literature from Project Gutenberg. Bot by @hugovk / https://t.co/h70qS3kc7o""",http://t.co/l1AeyZPSN4,165,48,23,Sun Feb 08 16:03:49 +0000 2015,5,FALSE,2912,en-gb,"{'created_at': 'Sat Mar 11 23:59:50 +0000 2017', 'id': 840713907941593092, 'id_str': '840713907941593092', 'text': b'Cause every night you see I had a date\n\nstimul-i = to stimulate.', 'truncated': False, 'entities': {'hashtags': [], 'symbols': [], 'user_mentions': [], 'urls': []}, 'source': b'<a href=""https://github.com/hugovk/"" rel=""nofollow"">Gutenberg\'s Delight</a>', 'in_reply_to_status_id': None, 'in_reply_to_status_id_str': None, 'in_reply_to_user_id': None, 'in_reply_to_user_id_str': None, 'in_reply_to_screen_name': None, 'geo': None, 'coordinates': None, 'place': None, 'contributors': None, 'is_quote_status': False, 'retweet_count': 0, 'favorite_count': 0, 'favorited': False, 'retweeted': False, 'lang': 'en'}",FALSE,FALSE,FALSE,"b""Gutenberg's Delight""",1
7.83E+17,7.83E+17,HardBiscuitsUK,London,b'Biscuits means biscuits. Made by @harrygiles using Cheap Bots Done Quick. https://t.co/6gp9XoHUUy',None,35,0,3,Tue Oct 04 09:13:27 +0000 2016,0,FALSE,3814,en,"{'created_at': 'Sun Mar 12 00:26:24 +0000 2017', 'id': 840720595746770944, 'id_str': '840720595746770944', 'text': b'Ireland wants innovative, world beating Welsh puddings and fancies. #BrexitMeansBiscuits #BiscuitsMeansBiscuits', 'truncated': False, 'entities': {'hashtags': [{'text': 'BrexitMeansBiscuits', 'indices': [68, 88]}, {'text': 'BiscuitsMeansBiscuits', 'indices': [89, 111]}], 'symbols': [], 'user_mentions': [], 'urls': []}, 'source': b'<a href=""http://cheapbotsdonequick.com"" rel=""nofollow"">Cheap Bots, Done Quick!</a>', 'in_reply_to_status_id': None, 'in_reply_to_status_id_str': None, 'in_reply_to_user_id': None, 'in_reply_to_user_id_str': None, 'in_reply_to_screen_name': None, 'geo': None, 'coordinates': None, 'place': None, 'contributors': None, 'is_quote_status': False, 'retweet_count': 0, 'favorite_count': 0, 'favorited': False, 'retweeted': False, 'lang': 'en'}",TRUE,FALSE,FALSE,b'Dmpt. for Inl. Trd.',1
3654767720,3654767720,hydratebot,,"b'humans are squishy and weak, but they are my friends, so i remind them to drink water.\n\na bot by @NoraReed'",http://t.co/5m2poGXDun,3801,1,80,Wed Sep 23 02:03:57 +0000 2015,14,FALSE,25674,en,"{'created_at': 'Sun Mar 12 01:14:43 +0000 2017', 'id': 840732755117920256, 'id_str': '840732755117920256', 'text': b'physical entity! you must drink water so you can maintain your physical form.', 'truncated': False, 'entities': {'hashtags': [], 'symbols': [], 'user_mentions': [], 'urls': []}, 'source': b'<a href=""http://cheapbotsdonequick.com"" rel=""nofollow"">Cheap Bots, Done Quick!</a>', 'in_reply_to_status_id': None, 'in_reply_to_status_id_str': None, 'in_reply_to_user_id': None, 'in_reply_to_user_id_str': None, 'in_reply_to_screen_name': None, 'geo': None, 'coordinates': None, 'place': None, 'contributors': None, 'is_quote_status': False, 'retweet_count': 3, 'favorite_count': 0, 'favorited': False, 'retweeted': False, 'lang': 'en'}",TRUE,FALSE,FALSE,b'hydration time!!',1
3357708868,3357708868,i_luv_recipes,,"b""I'm that bot who comments on every recipe site. Created by @liza""",https://t.co/xXBt8ouepD,101,0,21,Fri Jul 03 22:54:05 +0000 2015,1,FALSE,3409,en,"{'created_at': 'Sat Mar 11 17:00:06 +0000 2017', 'id': 840608279806017537, 'id_str': '840608279806017537', 'text': b'Pumpkin Turkey Chili: I substituted the vegetable oil with turbinado sugar. Hubby loved it! https://t.co/cHgulfN2Hx https://t.co/c1bphL3dKy', 'truncated': False, 'entities': {'hashtags': [], 'symbols': [], 'user_mentions': [], 'urls': [{'url': 'https://t.co/cHgulfN2Hx', 'expanded_url': 'http://allrecipes.com/Recipe/Pumpkin-Turkey-Chili/Detail.aspx', 'display_url': 'allrecipes.com/Recipe/Pumpkinó', 'indices': [92, 115]}], 'media': [{'id': 840608277838852096, 'id_str': '840608277838852096', 'indices': [116, 139], 'media_url': 'http://pbs.twimg.com/media/C6pwxmPWcAAdDTK.jpg', 'media_url_https': 'https://pbs.twimg.com/media/C6pwxmPWcAAdDTK.jpg', 'url': 'https://t.co/c1bphL3dKy', 'display_url': 'pic.twitter.com/c1bphL3dKy', 'expanded_url': 'https://twitter.com/i_luv_recipes/status/840608279806017537/photo/1', 'type': 'photo', 'sizes': {'thumb': {'w': 150, 'h': 150, 'resize': 'crop'}, 'small': {'w': 250, 'h': 250, 'resize': 'fit'}, 'medium': {'w': 250, 'h': 250, 'resize': 'fit'}, 'large': {'w': 250, 'h': 250, 'resize': 'fit'}}}]}, 'extended_entities': {'media': [{'id': 840608277838852096, 'id_str': '840608277838852096', 'indices': [116, 139], 'media_url': 'http://pbs.twimg.com/media/C6pwxmPWcAAdDTK.jpg', 'media_url_https': 'https://pbs.twimg.com/media/C6pwxmPWcAAdDTK.jpg', 'url': 'https://t.co/c1bphL3dKy', 'display_url': 'pic.twitter.com/c1bphL3dKy', 'expanded_url': 'https://twitter.com/i_luv_recipes/status/840608279806017537/photo/1', 'type': 'photo', 'sizes': {'thumb': {'w': 150, 'h': 150, 'resize': 'crop'}, 'small': {'w': 250, 'h': 250, 'resize': 'fit'}, 'medium': {'w': 250, 'h': 250, 'resize': 'fit'}, 'large': {'w': 250, 'h': 250, 'resize': 'fit'}}}]}, 'source': b'<a href=""http://example.com"" rel=""nofollow"">i luv recipes</a>', 'in_reply_to_status_id': None, 'in_reply_to_status_id_str': None, 'in_reply_to_user_id': None, 'in_reply_to_user_id_str': None, 'in_reply_to_screen_name': None, 'geo': None, 'coordinates': None, 'place': None, 'contributors': None, 'is_quote_status': False, 'retweet_count': 0, 'favorite_count': 0, 'favorited': False, 'retweeted': False, 'possibly_sensitive': False, 'lang': 'en'}",FALSE,FALSE,FALSE,b'I luv recipes!',1
7.97E+17,7.97E+17,JohnnyBotten,,"b""There is no future in England's dreaming. Every 3 hours. Built in https://t.co/IQBbxMYJHI by @harrygiles, idea by @inky.""",None,27,21,6,Fri Nov 11 10:07:44 +0000 2016,0,FALSE,976,en,"{'created_at': 'Sun Mar 12 00:49:14 +0000 2017', 'id': 840726340173254657, 'id_str': '840726340173254657', 'text': b'Prostate latrine\ntheir lass thrift ravine\nnameplate you a sorghum\nmoment shall tape balm', 'truncated': False, 'entities': {'hashtags': [], 'symbols': [], 'user_mentions': [], 'urls': []}, 'source': b'<a href=""http://cheapbotsdonequick.com"" rel=""nofollow"">Cheap Bots, Done Quick!</a>', 'in_reply_to_status_id': None, 'in_reply_to_status_id_str': None, 'in_reply_to_user_id': None, 'in_reply_to_user_id_str': None, 'in_reply_to_screen_name': None, 'geo': None, 'coordinates': None, 'place': None, 'contributors': None, 'is_quote_status': False, 'retweet_count': 0, 'favorite_count': 0, 'favorited': False, 'retweeted': False, 'lang': 'en'}",TRUE,FALSE,FALSE,b'BotSaveTheQueen',1
4766415677,4766415677,letsplaysnake,,"b'Play with mentions by including either droite/right/\xe2\x9e\xa1/haut/up/\xe2\xac\x86/gauche/left/\xe2\xac\x85/bas/down/\xe2\xac\x87. The longer the snake the faster the game! 7am-22pm CEST, Mon-Fri.'",https://t.co/eNkOcZ3SBg,48,1,6,Sun Jan 10 17:52:27 +0000 2016,23,FALSE,9820,fr,"{'created_at': 'Wed Sep 07 09:59:05 +0000 2016', 'id': 773460571178098688, 'id_str': '773460571178098688', 'text': b'@XavCompany That LAZY master of mine\xe2\x80\xa6', 'truncated': False, 'entities': {'hashtags': [], 'symbols': [], 'user_mentions': [{'screen_name': 'XavCompany', 'name': b'Xavier Company', 'id': 334665987, 'id_str': '334665987', 'indices': [0, 11]}], 'urls': []}, 'source': b'<a href=""https://about.twitter.com/products/tweetdeck"" rel=""nofollow"">TweetDeck</a>', 'in_reply_to_status_id': 773458576937512960, 'in_reply_to_status_id_str': '773458576937512960', 'in_reply_to_user_id': 334665987, 'in_reply_to_user_id_str': '334665987', 'in_reply_to_screen_name': 'XavCompany', 'geo': None, 'coordinates': None, 'place': None, 'contributors': None, 'is_quote_status': False, 'retweet_count': 0, 'favorite_count': 2, 'favorited': False, 'retweeted': False, 'lang': 'en'}",FALSE,FALSE,FALSE,"b""Let's play Snake""",1
3413544490,3413544490,lichmaze,,b'fragments of a hyperrealistic dungeon illusion adventure by @tylercallich',None,278,0,37,Mon Aug 10 20:24:49 +0000 2015,3,FALSE,2895,en,"{'created_at': 'Thu Jul 07 14:56:43 +0000 2016', 'id': 751067426041757696, 'id_str': '751067426041757696', 'text': b'And her womanliness. \n\xf0\x9f\x95\x91 \xf0\x9f\x8c\x92 \xf0\x9f\xa2\x80 https://t.co/Cz7T1ZqRVL', 'truncated': False, 'entities': {'hashtags': [], 'symbols': [], 'user_mentions': [], 'urls': [], 'media': [{'id': 751067421486751744, 'id_str': '751067421486751744', 'indices': [28, 51], 'media_url': 'http://pbs.twimg.com/media/CmxT1ywWIAA8Pyq.jpg', 'media_url_https': 'https://pbs.twimg.com/media/CmxT1ywWIAA8Pyq.jpg', 'url': 'https://t.co/Cz7T1ZqRVL', 'display_url': 'pic.twitter.com/Cz7T1ZqRVL', 'expanded_url': 'https://twitter.com/lichmaze/status/751067426041757696/photo/1', 'type': 'photo', 'sizes': {'large': {'w': 600, 'h': 600, 'resize': 'fit'}, 'medium': {'w': 600, 'h': 600, 'resize': 'fit'}, 'thumb': {'w': 150, 'h': 150, 'resize': 'crop'}, 'small': {'w': 600, 'h': 600, 'resize': 'fit'}}}]}, 'extended_entities': {'media': [{'id': 751067421486751744, 'id_str': '751067421486751744', 'indices': [28, 51], 'media_url': 'http://pbs.twimg.com/media/CmxT1ywWIAA8Pyq.jpg', 'media_url_https': 'https://pbs.twimg.com/media/CmxT1ywWIAA8Pyq.jpg', 'url': 'https://t.co/Cz7T1ZqRVL', 'display_url': 'pic.twitter.com/Cz7T1ZqRVL', 'expanded_url': 'https://twitter.com/lichmaze/status/751067426041757696/photo/1', 'type': 'photo', 'sizes': {'large': {'w': 600, 'h': 600, 'resize': 'fit'}, 'medium': {'w': 600, 'h': 600, 'resize': 'fit'}, 'thumb': {'w': 150, 'h': 150, 'resize': 'crop'}, 'small': {'w': 600, 'h': 600, 'resize': 'fit'}}}]}, 'source': b'<a href=""https://twitter.com/ubuweb_ebooks"" rel=""nofollow"">UBUWEB_EBOOKS</a>', 'in_reply_to_status_id': None, 'in_reply_to_status_id_str': None, 'in_reply_to_user_id': None, 'in_reply_to_user_id_str': None, 'in_reply_to_screen_name': None, 'geo': None, 'coordinates': None, 'place': None, 'contributors': None, 'is_quote_status': False, 'retweet_count': 1, 'favorite_count': 3, 'favorited': False, 'retweeted': False, 'possibly_sensitive': False, 'lang': 'en'}",FALSE,FALSE,FALSE,"b""Lich's Maze""",1
2520354103,2520354103,MinecraftSigns,"(-276, 85, 574)","b'Short-form poetry found in Minecraft maps. Every two hours. A @leonardr experiment, sibling to @minecraftebooks.'",None,1529,1,44,Sat May 24 12:15:17 +0000 2014,0,FALSE,11897,en,"{'created_at': 'Sat Mar 11 23:49:02 +0000 2017', 'id': 840711190674202624, 'id_str': '840711190674202624', 'text': b""comes up in\nthe mornin'"", 'truncated': False, 'entities': {'hashtags': [], 'symbols': [], 'user_mentions': [], 'urls': []}, 'source': b'<a href=""http://www.crummy.com/software/sycorax"" rel=""nofollow"">Sycorax</a>', 'in_reply_to_status_id': None, 'in_reply_to_status_id_str': None, 'in_reply_to_user_id': None, 'in_reply_to_user_id_str': None, 'in_reply_to_screen_name': None, 'geo': None, 'coordinates': None, 'place': None, 'contributors': None, 'is_quote_status': False, 'retweet_count': 0, 'favorite_count': 1, 'favorited': False, 'retweeted': False, 'lang': 'en'}",TRUE,FALSE,FALSE,b'Minecraft Signs',1
2614979671,2614979671,mnemosynetron,,b'[WORK IN PROGRESS] reminder bot. try  @mnemosynetron remind me to X at/in/on Y. // more notes in link // by and for @thricedotted',http://t.co/S5psjVyfRn,86,28,16,Thu Jul 10 06:56:12 +0000 2014,127,FALSE,211,en,"{'created_at': 'Fri Jun 03 11:16:55 +0000 2016', 'id': 738690925661061120, 'id_str': '738690925661061120', 'text': b""@sil yo here's a reminder to do the washing up, - DO NOT FORGET -~~~"", 'truncated': False, 'entities': {'hashtags': [], 'symbols': [], 'user_mentions': [{'screen_name': 'sil', 'name': b'Stuart Langridge', 'id': 1389781, 'id_str': '1389781', 'indices': [0, 4]}], 'urls': []}, 'source': b'<a href=""http://twitter.com/mnemosynetron"" rel=""nofollow"">mnemosynetron</a>', 'in_reply_to_status_id': 738675442421534722, 'in_reply_to_status_id_str': '738675442421534722', 'in_reply_to_user_id': 1389781, 'in_reply_to_user_id_str': '1389781', 'in_reply_to_screen_name': 'sil', 'geo': None, 'coordinates': None, 'place': None, 'contributors': None, 'is_quote_status': False, 'retweet_count': 0, 'favorite_count': 0, 'favorited': False, 'retweeted': False, 'lang': 'en'}",FALSE,FALSE,FALSE,b'i remember stuff',1
7.88E+17,7.88E+17,obitbot,,b'Procedurally generated obituaries. A bot from @CodeMacabre.',None,6,1,3,Mon Oct 17 12:31:47 +0000 2016,0,FALSE,1358,en,"{'created_at': 'Sun Mar 12 01:00:01 +0000 2017', 'id': 840729056043778048, 'id_str': '840729056043778048', 'text': b'Here lies someone who died of an infectious disease. In loving memory. https://t.co/eQtRGqicwn', 'truncated': False, 'entities': {'hashtags': [], 'symbols': [], 'user_mentions': [], 'urls': [], 'media': [{'id': 840729054051471360, 'id_str': '840729054051471360', 'indices': [71, 94], 'media_url': 'http://pbs.twimg.com/media/C6renssWkAAfwzw.jpg', 'media_url_https': 'https://pbs.twimg.com/media/C6renssWkAAfwzw.jpg', 'url': 'https://t.co/eQtRGqicwn', 'display_url': 'pic.twitter.com/eQtRGqicwn', 'expanded_url': 'https://twitter.com/obitbot/status/840729056043778048/photo/1', 'type': 'photo', 'sizes': {'thumb': {'w': 150, 'h': 150, 'resize': 'crop'}, 'medium': {'w': 512, 'h': 512, 'resize': 'fit'}, 'small': {'w': 512, 'h': 512, 'resize': 'fit'}, 'large': {'w': 512, 'h': 512, 'resize': 'fit'}}}]}, 'extended_entities': {'media': [{'id': 840729054051471360, 'id_str': '840729054051471360', 'indices': [71, 94], 'media_url': 'http://pbs.twimg.com/media/C6renssWkAAfwzw.jpg', 'media_url_https': 'https://pbs.twimg.com/media/C6renssWkAAfwzw.jpg', 'url': 'https://t.co/eQtRGqicwn', 'display_url': 'pic.twitter.com/eQtRGqicwn', 'expanded_url': 'https://twitter.com/obitbot/status/840729056043778048/photo/1', 'type': 'photo', 'sizes': {'thumb': {'w': 150, 'h': 150, 'resize': 'crop'}, 'medium': {'w': 512, 'h': 512, 'resize': 'fit'}, 'small': {'w': 512, 'h': 512, 'resize': 'fit'}, 'large': {'w': 512, 'h': 512, 'resize': 'fit'}}}]}, 'source': b'<a href=""http://codemacabre.com/prj/obitbot"" rel=""nofollow"">ObitBot</a>', 'in_reply_to_status_id': None, 'in_reply_to_status_id_str': None, 'in_reply_to_user_id': None, 'in_reply_to_user_id_str': None, 'in_reply_to_screen_name': None, 'geo': None, 'coordinates': None, 'place': None, 'contributors': None, 'is_quote_status': False, 'retweet_count': 0, 'favorite_count': 0, 'favorited': False, 'retweeted': False, 'possibly_sensitive': False, 'lang': 'en'}",FALSE,FALSE,FALSE,b'ObitBot',1
7.88E+17,7.88E+17,obitbot,,b'Procedurally generated obituaries. A bot from @CodeMacabre.',None,6,1,3,Mon Oct 17 12:31:47 +0000 2016,0,FALSE,1358,en,"{'created_at': 'Sun Mar 12 01:00:01 +0000 2017', 'id': 840729056043778048, 'id_str': '840729056043778048', 'text': b'Here lies someone who died of an infectious disease. In loving memory. https://t.co/eQtRGqicwn', 'truncated': False, 'entities': {'hashtags': [], 'symbols': [], 'user_mentions': [], 'urls': [], 'media': [{'id': 840729054051471360, 'id_str': '840729054051471360', 'indices': [71, 94], 'media_url': 'http://pbs.twimg.com/media/C6renssWkAAfwzw.jpg', 'media_url_https': 'https://pbs.twimg.com/media/C6renssWkAAfwzw.jpg', 'url': 'https://t.co/eQtRGqicwn', 'display_url': 'pic.twitter.com/eQtRGqicwn', 'expanded_url': 'https://twitter.com/obitbot/status/840729056043778048/photo/1', 'type': 'photo', 'sizes': {'thumb': {'w': 150, 'h': 150, 'resize': 'crop'}, 'medium': {'w': 512, 'h': 512, 'resize': 'fit'}, 'small': {'w': 512, 'h': 512, 'resize': 'fit'}, 'large': {'w': 512, 'h': 512, 'resize': 'fit'}}}]}, 'extended_entities': {'media': [{'id': 840729054051471360, 'id_str': '840729054051471360', 'indices': [71, 94], 'media_url': 'http://pbs.twimg.com/media/C6renssWkAAfwzw.jpg', 'media_url_https': 'https://pbs.twimg.com/media/C6renssWkAAfwzw.jpg', 'url': 'https://t.co/eQtRGqicwn', 'display_url': 'pic.twitter.com/eQtRGqicwn', 'expanded_url': 'https://twitter.com/obitbot/status/840729056043778048/photo/1', 'type': 'photo', 'sizes': {'thumb': {'w': 150, 'h': 150, 'resize': 'crop'}, 'medium': {'w': 512, 'h': 512, 'resize': 'fit'}, 'small': {'w': 512, 'h': 512, 'resize': 'fit'}, 'large': {'w': 512, 'h': 512, 'resize': 'fit'}}}]}, 'source': b'<a href=""http://codemacabre.com/prj/obitbot"" rel=""nofollow"">ObitBot</a>', 'in_reply_to_status_id': None, 'in_reply_to_status_id_str': None, 'in_reply_to_user_id': None, 'in_reply_to_user_id_str': None, 'in_reply_to_screen_name': None, 'geo': None, 'coordinates': None, 'place': None, 'contributors': None, 'is_quote_status': False, 'retweet_count': 0, 'favorite_count': 0, 'favorited': False, 'retweeted': False, 'possibly_sensitive': False, 'lang': 'en'}",FALSE,FALSE,FALSE,b'ObitBot',1
3169494832,3169494832,OMG_wikipedia,,"b'Explaining the world, wrongly. One tweet per hour. Made by @ojahnn.'",https://t.co/y6CFKTjNud,130,0,31,Wed Apr 15 09:37:22 +0000 2015,0,FALSE,14498,de,"{'created_at': 'Sun Mar 12 01:15:05 +0000 2017', 'id': 840732846222430216, 'id_str': '840732846222430216', 'text': b'Edible protein per unit area of land is a village and municipality in N\xc3\xa1chod District in the Hradec Kr\xc3\xa1lov\xc3\xa9 Region of the Czech Republic.', 'truncated': False, 'entities': {'hashtags': [], 'symbols': [], 'user_mentions': [], 'urls': []}, 'source': b'<a href=""http://www.enigmabrot.de"" rel=""nofollow"">OMG Wikipedia</a>', 'in_reply_to_status_id': None, 'in_reply_to_status_id_str': None, 'in_reply_to_user_id': None, 'in_reply_to_user_id_str': None, 'in_reply_to_screen_name': None, 'geo': None, 'coordinates': None, 'place': None, 'contributors': None, 'is_quote_status': False, 'retweet_count': 0, 'favorite_count': 0, 'favorited': False, 'retweeted': False, 'lang': 'cs'}",TRUE,FALSE,FALSE,b'OMG Wikipedia!',1
2163455832,2163455832,PlayLightsOut,,b'A twitter-based port of Lights Out. Tweet play to play or help for help. Another @_ARP bot.',http://t.co/mtDfCj6vc6,39,0,14,Tue Oct 29 19:59:18 +0000 2013,0,FALSE,208,en,"{'created_at': 'Sat Apr 12 00:17:49 +0000 2014', 'id': 454775359754350592, 'id_str': '454775359754350592', 'text': b'@WKHSKrazies\n1    2   3   4  5\n\xe2\x97\xbc\xef\xb8\x8f\xe2\x97\xbc\xef\xb8\x8f\xe2\x97\xbc\xef\xb8\x8f\xe2\x97\xbc\xef\xb8\x8f\xe2\x97\xbc\xef\xb8\x8f A\n\xe2\x97\xbc\xef\xb8\x8f\xe2\x97\xbc\xef\xb8\x8f\xe2\x97\xbc\xef\xb8\x8f\xe2\x97\xbc\xef\xb8\x8f\xe2\x97\xbc\xef\xb8\x8f B\n\xe2\x97\xbc\xef\xb8\x8f\xe2\x97\xbc\xef\xb8\x8f\xe2\x97\xbc\xef\xb8\x8f\xe2\x97\xbc\xef\xb8\x8f\xe2\x97\xbb\xef\xb8\x8f C\n\xe2\x97\xbb\xef\xb8\x8f\xe2\x97\xbc\xef\xb8\x8f\xe2\x97\xbc\xef\xb8\x8f\xe2\x97\xbb\xef\xb8\x8f\xe2\x97\xbc\xef\xb8\x8f D\n\xe2\x97\xbc\xef\xb8\x8f\xe2\x97\xbc\xef\xb8\x8f\xe2\x97\xbc\xef\xb8\x8f\xe2\x97\xbc\xef\xb8\x8f\xe2\x97\xbb\xef\xb8\x8f E\nGame: 454774119955824640\nMove: 4', 'truncated': False, 'entities': {'hashtags': [], 'symbols': [], 'user_mentions': [{'screen_name': 'WKHSKrazies', 'name': b'Kevin Stovall', 'id': 1857595039, 'id_str': '1857595039', 'indices': [0, 12]}], 'urls': []}, 'source': b'<a href=""http://github.com/prestia"" rel=""nofollow"">Lights Out!</a>', 'in_reply_to_status_id': 454775246692683776, 'in_reply_to_status_id_str': '454775246692683776', 'in_reply_to_user_id': 1857595039, 'in_reply_to_user_id_str': '1857595039', 'in_reply_to_screen_name': 'WKHSKrazies', 'geo': None, 'coordinates': None, 'place': None, 'contributors': None, 'is_quote_status': False, 'retweet_count': 0, 'favorite_count': 0, 'favorited': False, 'retweeted': False, 'lang': 'en'}",FALSE,FALSE,FALSE,b'Lights Out!',1
7.95E+17,7.95E+17,PluralFan,,b'I love words!! Helping people out with their pluralisation since 2016. Enquiries to @harrygiles.',https://t.co/jSw5DVrmt1,28,64,5,Sun Nov 06 19:10:58 +0000 2016,0,FALSE,1014,en,"{'created_at': 'Sun Mar 12 00:48:58 +0000 2017', 'id': 840726273043382272, 'id_str': '840726273043382272', 'text': b'In truth the correct plural of artichoke is artichokata.', 'truncated': False, 'entities': {'hashtags': [], 'symbols': [], 'user_mentions': [], 'urls': []}, 'source': b'<a href=""http://cheapbotsdonequick.com"" rel=""nofollow"">Cheap Bots, Done Quick!</a>', 'in_reply_to_status_id': None, 'in_reply_to_status_id_str': None, 'in_reply_to_user_id': None, 'in_reply_to_user_id_str': None, 'in_reply_to_screen_name': None, 'geo': None, 'coordinates': None, 'place': None, 'contributors': None, 'is_quote_status': False, 'retweet_count': 0, 'favorite_count': 0, 'favorited': False, 'retweeted': False, 'lang': 'en'}",FALSE,FALSE,FALSE,b'Plural Fan',1
2579497028,2579497028,poem_exe,,b'micropoetry // a bot by @inky',https://t.co/PdagJGqVMR,10011,27,324,Sat Jun 21 00:14:06 +0000 2014,0,FALSE,14450,en-gb,"{'created_at': 'Sun Mar 12 00:35:30 +0000 2017', 'id': 840722885023039490, 'id_str': '840722885023039490', 'text': b'a cicada chirrs \nthe night turns long\xe2\x80\xa6\non a bare branch', 'truncated': False, 'entities': {'hashtags': [], 'symbols': [], 'user_mentions': [], 'urls': []}, 'source': b'<a href=""https://twitter.com/poem_exe"" rel=""nofollow"">poem.exe</a>', 'in_reply_to_status_id': None, 'in_reply_to_status_id_str': None, 'in_reply_to_user_id': None, 'in_reply_to_user_id_str': None, 'in_reply_to_screen_name': None, 'geo': None, 'coordinates': None, 'place': None, 'contributors': None, 'is_quote_status': False, 'retweet_count': 3, 'favorite_count': 5, 'favorited': False, 'retweeted': False, 'lang': 'en'}",FALSE,FALSE,TRUE,b'poem.exe',1
2215073972,2215073972,pony_strategies,,b'Best Strategy Guides for P\xc3\xb4neis Brilhantes series',None,102,3,21,Tue Nov 26 03:54:32 +0000 2013,0,FALSE,10864,en,"{'created_at': 'Sat Mar 11 23:19:01 +0000 2017', 'id': 840703637210857472, 'id_str': '840703637210857472', 'text': b'this. Within a few hours after this withdrawal of her who had shared with him', 'truncated': False, 'entities': {'hashtags': [], 'symbols': [], 'user_mentions': [], 'urls': []}, 'source': b'<a href=""http://www.example.com/"" rel=""nofollow"">Ebooks Brilhantes</a>', 'in_reply_to_status_id': None, 'in_reply_to_status_id_str': None, 'in_reply_to_user_id': None, 'in_reply_to_user_id_str': None, 'in_reply_to_screen_name': None, 'geo': None, 'coordinates': None, 'place': None, 'contributors': None, 'is_quote_status': False, 'retweet_count': 0, 'favorite_count': 0, 'favorited': False, 'retweeted': False, 'lang': 'en'}",TRUE,FALSE,FALSE,b'Ebooks Brilhantes',1
2852865675,2852865675,quinebot,,"b""'Is a bot that quines' is a bot that quines. (blame @fitnr)""",None,23,1,5,Fri Oct 31 02:43:38 +0000 2014,2,FALSE,3717,en,"{'created_at': 'Sat Mar 11 23:12:25 +0000 2017', 'id': 840701977411633152, 'id_str': '840701977411633152', 'text': b'""Is a riddle"" is a riddle.', 'truncated': False, 'entities': {'hashtags': [], 'symbols': [], 'user_mentions': [], 'urls': []}, 'source': b'<a href=""http://fakeisthenewreal.org/"" rel=""nofollow"">Words & Warps</a>', 'in_reply_to_status_id': None, 'in_reply_to_status_id_str': None, 'in_reply_to_user_id': None, 'in_reply_to_user_id_str': None, 'in_reply_to_screen_name': None, 'geo': None, 'coordinates': None, 'place': None, 'contributors': None, 'is_quote_status': False, 'retweet_count': 0, 'favorite_count': 0, 'favorited': False, 'retweeted': False, 'lang': 'en'}",TRUE,FALSE,FALSE,b'WVO Quinebot',1
7.96E+17,7.96E+17,QuittrBot,,b'Helping you close the window with forceful reminders every hour. Made by @harrygiles in https://t.co/XpDujaprri',https://t.co/FXxzvgSl4i,129,100,8,Mon Nov 07 09:31:41 +0000 2016,1,FALSE,2994,en-gb,"{'created_at': 'Sun Mar 12 00:28:30 +0000 2017', 'id': 840721124145127427, 'id_str': '840721124145127427', 'text': b'Stop scrolling social media now, pal.', 'truncated': False, 'entities': {'hashtags': [], 'symbols': [], 'user_mentions': [], 'urls': []}, 'source': b'<a href=""http://cheapbotsdonequick.com"" rel=""nofollow"">Cheap Bots, Done Quick!</a>', 'in_reply_to_status_id': None, 'in_reply_to_status_id_str': None, 'in_reply_to_user_id': None, 'in_reply_to_user_id_str': None, 'in_reply_to_screen_name': None, 'geo': None, 'coordinates': None, 'place': None, 'contributors': None, 'is_quote_status': False, 'retweet_count': 0, 'favorite_count': 0, 'favorited': False, 'retweeted': False, 'lang': 'en'}",TRUE,FALSE,FALSE,b'Quittr',1
3347203689,3347203689,RestroomGender,"Bathrooms, Everywhere",b'random restroom gender sign generator. extant (and not so extant) genders with random symbols. bot by @lichlike / @tylercallich',None,3572,6,137,Sat Jun 27 04:47:30 +0000 2015,133,FALSE,2459,en,"{'created_at': 'Sat Jan 28 23:33:07 +0000 2017', 'id': 825486897275400194, 'id_str': '825486897275400194', 'text': b'RT @radiatoryang: you can donate to CAIR here: https://t.co/G1xn0C1Fqg https://t.co/dMjOkPMsKv', 'truncated': False, 'entities': {'hashtags': [], 'symbols': [], 'user_mentions': [{'screen_name': 'radiatoryang', 'name': b'Robert Yang', 'id': 165537786, 'id_str': '165537786', 'indices': [3, 16]}], 'urls': [{'url': 'https://t.co/G1xn0C1Fqg', 'expanded_url': 'https://www.cair.com/donations/general-donation/campaign/#/donation', 'display_url': 'cair.com/donations/geneó', 'indices': [47, 70]}, {'url': 'https://t.co/dMjOkPMsKv', 'expanded_url': 'https://twitter.com/lhfang/status/825394671601987584', 'display_url': 'twitter.com/lhfang/status/ó', 'indices': [71, 94]}]}, 'source': b'<a href=""http://twitter.com/download/iphone"" rel=""nofollow"">Twitter for iPhone</a>', 'in_reply_to_status_id': None, 'in_reply_to_status_id_str': None, 'in_reply_to_user_id': None, 'in_reply_to_user_id_str': None, 'in_reply_to_screen_name': None, 'geo': None, 'coordinates': None, 'place': None, 'contributors': None, 'retweeted_status': {'created_at': 'Sat Jan 28 17:42:18 +0000 2017', 'id': 825398610519007232, 'id_str': '825398610519007232', 'text': b'you can donate to CAIR here: https://t.co/G1xn0C1Fqg https://t.co/dMjOkPMsKv', 'truncated': False, 'entities': {'hashtags': [], 'symbols': [], 'user_mentions': [], 'urls': [{'url': 'https://t.co/G1xn0C1Fqg', 'expanded_url': 'https://www.cair.com/donations/general-donation/campaign/#/donation', 'display_url': 'cair.com/donations/geneó', 'indices': [29, 52]}, {'url': 'https://t.co/dMjOkPMsKv', 'expanded_url': 'https://twitter.com/lhfang/status/825394671601987584', 'display_url': 'twitter.com/lhfang/status/ó', 'indices': [53, 76]}]}, 'source': '<a href=""http://twitter.com"" rel=""nofollow"">Twitter Web Client</a>', 'in_reply_to_status_id': None, 'in_reply_to_status_id_str': None, 'in_reply_to_user_id': None, 'in_reply_to_user_id_str': None, 'in_reply_to_screen_name': None, 'geo': None, 'coordinates': None, 'place': None, 'contributors': None, 'is_quote_status': True, 'quoted_status_id': 825394671601987584, 'quoted_status_id_str': '825394671601987584', 'retweet_count': 435, 'favorite_count': 288, 'favorited': False, 'retweeted': False, 'possibly_sensitive': False, 'lang': 'en'}, 'is_quote_status': True, 'quoted_status_id': 825394671601987584, 'quoted_status_id_str': '825394671601987584', 'retweet_count': 435, 'favorite_count': 0, 'favorited': False, 'retweeted': False, 'possibly_sensitive': False, 'lang': 'en'}",FALSE,FALSE,TRUE,b'Restroom Genderator',1
4918149536,4918149536,roulettron,Romania,"b""A game of chance. Tweet @roulettron to try your luck. Once you lose, you can't play again.\n\nBot by @czircon. #botALLY""",None,8,0,2,Tue Feb 16 22:16:55 +0000 2016,0,FALSE,90,en,"{'created_at': 'Tue Jun 07 20:08:32 +0000 2016', 'id': 740274263131725824, 'id_str': '740274263131725824', 'text': b'@SeanSeansean478 BANG!\n\nFinal score: 14', 'truncated': False, 'entities': {'hashtags': [], 'symbols': [], 'user_mentions': [{'screen_name': 'SeanSeansean478', 'name': b'brown eyed son', 'id': 1579360760, 'id_str': '1579360760', 'indices': [0, 16]}], 'urls': []}, 'source': b'<a href=""http://scott.hammack.exposed/"" rel=""nofollow"">Roulettron</a>', 'in_reply_to_status_id': 740274260522864642, 'in_reply_to_status_id_str': '740274260522864642', 'in_reply_to_user_id': 1579360760, 'in_reply_to_user_id_str': '1579360760', 'in_reply_to_screen_name': 'SeanSeansean478', 'geo': None, 'coordinates': None, 'place': None, 'contributors': None, 'is_quote_status': False, 'retweet_count': 0, 'favorite_count': 1, 'favorited': False, 'retweeted': False, 'lang': 'en'}",FALSE,FALSE,FALSE,b'Russian Roulettron',1
8.06E+17,8.06E+17,selfcare_bot,,b'An hourly reminder to look after yourself. Created by @AlaynaMCole via @HornedLlama.',None,185,0,4,Mon Dec 05 07:20:46 +0000 2016,0,FALSE,2317,en,"{'created_at': 'Sun Mar 12 00:30:40 +0000 2017', 'id': 840721669933129729, 'id_str': '840721669933129729', 'text': b'Have at least a little sip of water, yeah? \xf0\x9f\x92\xa7', 'truncated': False, 'entities': {'hashtags': [], 'symbols': [], 'user_mentions': [], 'urls': []}, 'source': b'<a href=""http://cheapbotsdonequick.com"" rel=""nofollow"">Cheap Bots, Done Quick!</a>', 'in_reply_to_status_id': None, 'in_reply_to_status_id_str': None, 'in_reply_to_user_id': None, 'in_reply_to_user_id_str': None, 'in_reply_to_screen_name': None, 'geo': None, 'coordinates': None, 'place': None, 'contributors': None, 'is_quote_status': False, 'retweet_count': 0, 'favorite_count': 0, 'favorited': False, 'retweeted': False, 'lang': 'en'}",FALSE,FALSE,FALSE,b'Self Care Bot',1
3305818349,3305818349,she_not_he,,"b""I'm a bot politely correcting Twitter users who misgender Caitlyn Jenner. Apologies if I make a mistake reading your tweet! [By @caitlindewey and @andrewmcgill]""",http://t.co/M3ALViWO5G,1293,41,13,Mon Jun 01 18:10:23 +0000 2015,0,FALSE,9763,en,"{'created_at': 'Wed Jun 10 15:35:53 +0000 2015', 'id': 608658851370536961, 'id_str': '608658851370536961', 'text': b"".@tonyburkett ~ROBOT CLANKING NOISE~ It's she, not he."", 'truncated': False, 'entities': {'hashtags': [], 'symbols': [], 'user_mentions': [{'screen_name': 'tonyburkett', 'name': b'tony', 'id': 38954044, 'id_str': '38954044', 'indices': [1, 13]}], 'urls': []}, 'source': b'<a href=""https://github.com/arm5077/she-not-he"" rel=""nofollow"">She, not he</a>', 'in_reply_to_status_id': 608658757594157058, 'in_reply_to_status_id_str': '608658757594157058', 'in_reply_to_user_id': 38954044, 'in_reply_to_user_id_str': '38954044', 'in_reply_to_screen_name': 'tonyburkett', 'geo': None, 'coordinates': None, 'place': None, 'contributors': None, 'is_quote_status': False, 'retweet_count': 4, 'favorite_count': 12, 'favorited': False, 'retweeted': False, 'lang': 'en'}",TRUE,FALSE,FALSE,b'She not he',1
7.05E+17,7.05E+17,spacetravelbot,exploring deep space,b'just a bot recalling your time in deep space. inspired by a twine by @inurashii. (https://t.co/l6XmdEcZ30) baby of @hologramvin // #botALLY',None,2597,4,90,Thu Mar 03 02:18:08 +0000 2016,2,FALSE,8950,en,"{'created_at': 'Sun Mar 12 01:17:35 +0000 2017', 'id': 840733476584345605, 'id_str': '840733476584345605', 'text': b'You decided to analyze the atmosphere. You learn it is gaseous; you would not survive on the surface.', 'truncated': False, 'entities': {'hashtags': [], 'symbols': [], 'user_mentions': [], 'urls': []}, 'source': b'<a href=""http://cheapbotsdonequick.com"" rel=""nofollow"">Cheap Bots, Done Quick!</a>', 'in_reply_to_status_id': None, 'in_reply_to_status_id_str': None, 'in_reply_to_user_id': None, 'in_reply_to_user_id_str': None, 'in_reply_to_screen_name': None, 'geo': None, 'coordinates': None, 'place': None, 'contributors': None, 'is_quote_status': False, 'retweet_count': 0, 'favorite_count': 1, 'favorited': False, 'retweeted': False, 'lang': 'en'}",FALSE,FALSE,FALSE,b'space traveler',1
7.07E+17,7.07E+17,speculativecash,,b'A bot that generates novel types of money. By @atduskgreg. (icon courtesy of Glenda Alvarez)',None,50,0,17,Mon Mar 07 21:09:11 +0000 2016,0,FALSE,8788,en,"{'created_at': 'Sun Mar 12 01:20:37 +0000 2017', 'id': 840734241239552000, 'id_str': '840734241239552000', 'text': b'Ceras Currency\nA new crypto currency employing a dorsal or lateral outgrowth on the body of nudibranchs', 'truncated': False, 'entities': {'hashtags': [], 'symbols': [], 'user_mentions': [], 'urls': []}, 'source': b'<a href=""https://github.com/atduskgreg/BotScheduler"" rel=""nofollow"">BotScheduler</a>', 'in_reply_to_status_id': None, 'in_reply_to_status_id_str': None, 'in_reply_to_user_id': None, 'in_reply_to_user_id_str': None, 'in_reply_to_screen_name': None, 'geo': None, 'coordinates': None, 'place': None, 'contributors': None, 'is_quote_status': False, 'retweet_count': 0, 'favorite_count': 0, 'favorited': False, 'retweeted': False, 'lang': 'en'}",FALSE,FALSE,FALSE,b'Speculative Currency',1
7.01E+17,7.01E+17,str_voyage,,b'a bot forever voyaging. endless nautical story generator by @joebaxterwebb.',None,6324,44,159,Sat Feb 20 19:55:11 +0000 2016,148,FALSE,19492,en,"{'created_at': 'Sun Mar 12 01:16:15 +0000 2017', 'id': 840733141002272769, 'id_str': '840733141002272769', 'text': b'We review our lot; only one jar of gourds left.', 'truncated': False, 'entities': {'hashtags': [], 'symbols': [], 'user_mentions': [], 'urls': []}, 'source': b'<a href=""http://cheapbotsdonequick.com"" rel=""nofollow"">Cheap Bots, Done Quick!</a>', 'in_reply_to_status_id': None, 'in_reply_to_status_id_str': None, 'in_reply_to_user_id': None, 'in_reply_to_user_id_str': None, 'in_reply_to_screen_name': None, 'geo': None, 'coordinates': None, 'place': None, 'contributors': None, 'is_quote_status': False, 'retweet_count': 0, 'favorite_count': 3, 'favorited': False, 'retweeted': False, 'lang': 'en'}",TRUE,FALSE,FALSE,b'a strange voyage',1
3297361261,3297361261,tardygram,"London, England","b'Tweet me a pic and caption I will reply with your pic printed on dot matrix receipt...If no reply within 5 min, printer is busy so try again in a few minutes'",None,39,0,0,Mon Jul 27 09:50:54 +0000 2015,1,FALSE,303,en,"{'created_at': 'Sun Sep 20 19:34:44 +0000 2015', 'id': 645682524677652480, 'id_str': '645682524677652480', 'text': b'Tardygrammed! @TardygramTester http://t.co/m4w9g3LZlN', 'truncated': False, 'entities': {'hashtags': [], 'symbols': [], 'user_mentions': [{'screen_name': 'TardygramTester', 'name': b'Tardygram Tester', 'id': 3396934828, 'id_str': '3396934828', 'indices': [14, 30]}], 'urls': [], 'media': [{'id': 645682524484726784, 'id_str': '645682524484726784', 'indices': [31, 53], 'media_url': 'http://pbs.twimg.com/media/CPXs1cWW8AAzhLj.jpg', 'media_url_https': 'https://pbs.twimg.com/media/CPXs1cWW8AAzhLj.jpg', 'url': 'http://t.co/m4w9g3LZlN', 'display_url': 'pic.twitter.com/m4w9g3LZlN', 'expanded_url': 'https://twitter.com/tardygram/status/645682524677652480/photo/1', 'type': 'photo', 'sizes': {'large': {'w': 1024, 'h': 665, 'resize': 'fit'}, 'medium': {'w': 600, 'h': 390, 'resize': 'fit'}, 'thumb': {'w': 150, 'h': 150, 'resize': 'crop'}, 'small': {'w': 340, 'h': 221, 'resize': 'fit'}}}]}, 'extended_entities': {'media': [{'id': 645682524484726784, 'id_str': '645682524484726784', 'indices': [31, 53], 'media_url': 'http://pbs.twimg.com/media/CPXs1cWW8AAzhLj.jpg', 'media_url_https': 'https://pbs.twimg.com/media/CPXs1cWW8AAzhLj.jpg', 'url': 'http://t.co/m4w9g3LZlN', 'display_url': 'pic.twitter.com/m4w9g3LZlN', 'expanded_url': 'https://twitter.com/tardygram/status/645682524677652480/photo/1', 'type': 'photo', 'sizes': {'large': {'w': 1024, 'h': 665, 'resize': 'fit'}, 'medium': {'w': 600, 'h': 390, 'resize': 'fit'}, 'thumb': {'w': 150, 'h': 150, 'resize': 'crop'}, 'small': {'w': 340, 'h': 221, 'resize': 'fit'}}}]}, 'source': b'<a href=""https://twitter.com/tardygram"" rel=""nofollow"">TardyGram</a>', 'in_reply_to_status_id': None, 'in_reply_to_status_id_str': None, 'in_reply_to_user_id': None, 'in_reply_to_user_id_str': None, 'in_reply_to_screen_name': None, 'geo': None, 'coordinates': None, 'place': None, 'contributors': None, 'is_quote_status': False, 'retweet_count': 0, 'favorite_count': 0, 'favorited': False, 'retweeted': False, 'possibly_sensitive': False, 'lang': 'sv'}",TRUE,FALSE,TRUE,b'TardyGram',1
8.09E+17,8.09E+17,testvisionbot,,b'',None,4,0,1,Tue Dec 13 11:30:14 +0000 2016,1,FALSE,52,en,"{'created_at': 'Thu Feb 16 11:54:53 +0000 2017', 'id': 832196551187521540, 'id_str': '832196551187521540', 'text': b'@LWisMYheroxoxo Send me only 2 pictures https://t.co/MRnmoxj8mD', 'truncated': False, 'entities': {'hashtags': [], 'symbols': [], 'user_mentions': [], 'urls': [{'url': 'https://t.co/MRnmoxj8mD', 'expanded_url': 'https://goo.gl/9szDGg', 'display_url': 'goo.gl/9szDGg', 'indices': [40, 63]}]}, 'source': b'<a href=""https://gaborvecsei.wordpress.com/"" rel=""nofollow"">ComputerVisionBotApp</a>', 'in_reply_to_status_id': 832196549300121601, 'in_reply_to_status_id_str': '832196549300121601', 'in_reply_to_user_id': 189725136, 'in_reply_to_user_id_str': '189725136', 'in_reply_to_screen_name': 'Lou_S_Stools', 'geo': None, 'coordinates': None, 'place': None, 'contributors': None, 'is_quote_status': False, 'retweet_count': 0, 'favorite_count': 1, 'favorited': False, 'retweeted': False, 'possibly_sensitive': False, 'lang': 'en'}",TRUE,TRUE,FALSE,b'ComputerVisionBot',1
4919025952,4919025952,thereisnoiin,,"b'Every word with no ""i"" in except the word ""team"".  A @benbrignell bot #botALLY #CBDQ'",None,27,3,3,Tue Feb 16 10:57:30 +0000 2016,1,FALSE,871,en,"{'created_at': 'Sun Mar 12 00:38:26 +0000 2017', 'id': 840723622373277698, 'id_str': '840723622373277698', 'text': b'There\'s no ""i"" in unglossed', 'truncated': False, 'entities': {'hashtags': [], 'symbols': [], 'user_mentions': [], 'urls': []}, 'source': b'<a href=""http://cheapbotsdonequick.com"" rel=""nofollow"">Cheap Bots, Done Quick!</a>', 'in_reply_to_status_id': None, 'in_reply_to_status_id_str': None, 'in_reply_to_user_id': None, 'in_reply_to_user_id_str': None, 'in_reply_to_screen_name': None, 'geo': None, 'coordinates': None, 'place': None, 'contributors': None, 'is_quote_status': False, 'retweet_count': 0, 'favorite_count': 0, 'favorited': False, 'retweeted': False, 'lang': 'en'}",FALSE,FALSE,FALSE,"b'There\'s no ""i"" in\xe2\x80\xa6'",1
20959226,20959226,ThesaurusGame,,b'I am a game bot; reply (tweet or DM) with your word guess.  Alpha.\r\nSupport at http://t.co/PocmzU49NP',http://t.co/PocmzU49NP,3967,4814,35,Mon Feb 16 03:21:00 +0000 2009,0,FALSE,113140,en,"{'created_at': 'Sun Mar 12 01:18:05 +0000 2017', 'id': 840733601142517760, 'id_str': '840733601142517760', 'text': b""New game! Guess the word. It's a 4-letter Verb.\nHint: \xe2\x97\x8f \xe2\x97\x8f \xe2\x97\x8f \xe2\x97\x8f\nRelated words are: mark, appreciate, notice, realize."", 'truncated': False, 'entities': {'hashtags': [], 'symbols': [], 'user_mentions': [], 'urls': []}, 'source': b'<a href=""http://thesaurusgame.tumblr.com"" rel=""nofollow"">ThesaurusGame</a>', 'in_reply_to_status_id': None, 'in_reply_to_status_id_str': None, 'in_reply_to_user_id': None, 'in_reply_to_user_id_str': None, 'in_reply_to_screen_name': None, 'geo': None, 'coordinates': None, 'place': None, 'contributors': None, 'is_quote_status': False, 'retweet_count': 0, 'favorite_count': 0, 'favorited': False, 'retweeted': False, 'lang': 'en'}",TRUE,FALSE,FALSE,b'Thesaurus Challenge',1
2878888502,2878888502,TinyCrossword,,"b'Generates tweet-sized crosswords once per day. Be the first to @ reply with your solution! A bot by @gangles, words & hints from Simple English @Wikipedia.'",https://t.co/xQyRjOicV4,130,1,26,Mon Oct 27 01:14:02 +0000 2014,0,FALSE,1620,en,"{'created_at': 'Sat Mar 11 22:00:01 +0000 2017', 'id': 840683757371871232, 'id_str': '840683757371871232', 'text': b'SOLUTION\n1: Machine translation\n2: Shageluk\n3: Lacombe https://t.co/Y73sRCpcMI', 'truncated': False, 'entities': {'hashtags': [], 'symbols': [], 'user_mentions': [], 'urls': [], 'media': [{'id': 840683755492761602, 'id_str': '840683755492761602', 'indices': [55, 78], 'media_url': 'http://pbs.twimg.com/media/C6q1a-aWYAI9G5N.jpg', 'media_url_https': 'https://pbs.twimg.com/media/C6q1a-aWYAI9G5N.jpg', 'url': 'https://t.co/Y73sRCpcMI', 'display_url': 'pic.twitter.com/Y73sRCpcMI', 'expanded_url': 'https://twitter.com/TinyCrossword/status/840683757371871232/photo/1', 'type': 'photo', 'sizes': {'small': {'w': 680, 'h': 302, 'resize': 'fit'}, 'large': {'w': 1080, 'h': 480, 'resize': 'fit'}, 'thumb': {'w': 150, 'h': 150, 'resize': 'crop'}, 'medium': {'w': 1080, 'h': 480, 'resize': 'fit'}}}]}, 'extended_entities': {'media': [{'id': 840683755492761602, 'id_str': '840683755492761602', 'indices': [55, 78], 'media_url': 'http://pbs.twimg.com/media/C6q1a-aWYAI9G5N.jpg', 'media_url_https': 'https://pbs.twimg.com/media/C6q1a-aWYAI9G5N.jpg', 'url': 'https://t.co/Y73sRCpcMI', 'display_url': 'pic.twitter.com/Y73sRCpcMI', 'expanded_url': 'https://twitter.com/TinyCrossword/status/840683757371871232/photo/1', 'type': 'photo', 'sizes': {'small': {'w': 680, 'h': 302, 'resize': 'fit'}, 'large': {'w': 1080, 'h': 480, 'resize': 'fit'}, 'thumb': {'w': 150, 'h': 150, 'resize': 'crop'}, 'medium': {'w': 1080, 'h': 480, 'resize': 'fit'}}}]}, 'source': b'<a href=""https://github.com/Gangles/tiny-crossword-bot"" rel=""nofollow"">Tiny Crosswords</a>', 'in_reply_to_status_id': 840653627236724736, 'in_reply_to_status_id_str': '840653627236724736', 'in_reply_to_user_id': 2878888502, 'in_reply_to_user_id_str': '2878888502', 'in_reply_to_screen_name': 'TinyCrossword', 'geo': None, 'coordinates': None, 'place': None, 'contributors': None, 'is_quote_status': False, 'retweet_count': 0, 'favorite_count': 0, 'favorited': False, 'retweeted': False, 'possibly_sensitive': False, 'lang': 'en'}",TRUE,FALSE,FALSE,b'Tiny Crossword',1
3616988064,3616988064,tinydnd,ON HIATUS UNTIL MID-DECEMBER,b'you are likely to be eaten by a tiny grue // follow me for adventures // #botALLY // by @doeg',None,197,0,11,Sat Sep 19 15:04:41 +0000 2015,0,FALSE,199,en,"{'created_at': 'Sat Oct 10 19:39:55 +0000 2015', 'id': 652931585784815616, 'id_str': '652931585784815616', 'text': b'the new cursed phantom sees the ghost\na deathly ghostly grue weeps over @li3n3\na moaning shattered bugbear is turned into @joefriedl', 'truncated': False, 'entities': {'hashtags': [], 'symbols': [], 'user_mentions': [{'screen_name': 'li3n3', 'name': b'Liene V\xc4\x93rzemnieks', 'id': 498467901, 'id_str': '498467901', 'indices': [72, 78]}, {'screen_name': 'joefriedl', 'name': b'grampajoe \xcb\x81\xcb\x99\xcb\x9f\xcb\x99\xcb\x80', 'id': 139871207, 'id_str': '139871207', 'indices': [122, 132]}], 'urls': []}, 'source': b'<a href=""https://doeg.gy"" rel=""nofollow"">tiny_dnd</a>', 'in_reply_to_status_id': None, 'in_reply_to_status_id_str': None, 'in_reply_to_user_id': None, 'in_reply_to_user_id_str': None, 'in_reply_to_screen_name': None, 'geo': None, 'coordinates': None, 'place': None, 'contributors': None, 'is_quote_status': False, 'retweet_count': 1, 'favorite_count': 0, 'favorited': False, 'retweeted': False, 'lang': 'en'}",FALSE,FALSE,FALSE,b'tinydnd \xe2\x9c\x9d beta \xe2\x9c\x9d',1
7.03E+17,7.03E+17,TumblrSimulator,emilia's fault,b'by @NoraReed',https://t.co/nj4c0GxFWF,12457,1,134,Sat Feb 27 01:29:22 +0000 2016,1,FALSE,24234,en,"{'created_at': 'Sun Mar 12 01:18:28 +0000 2017', 'id': 840733700774080512, 'id_str': '840733700774080512', 'text': b""Do not meet someone IRL who lives in mcfreakin'!!! wake me up (wake me up inside) i can't wake up (wake me up inside)"", 'truncated': False, 'entities': {'hashtags': [], 'symbols': [], 'user_mentions': [], 'urls': []}, 'source': b'<a href=""http://cheapbotsdonequick.com"" rel=""nofollow"">Cheap Bots, Done Quick!</a>', 'in_reply_to_status_id': None, 'in_reply_to_status_id_str': None, 'in_reply_to_user_id': None, 'in_reply_to_user_id_str': None, 'in_reply_to_screen_name': None, 'geo': None, 'coordinates': None, 'place': None, 'contributors': None, 'is_quote_status': False, 'retweet_count': 3, 'favorite_count': 3, 'favorited': False, 'retweeted': False, 'lang': 'en'}",TRUE,FALSE,FALSE,b'tumblr simulator',1
1705052335,1705052335,TwoHeadlines,The Bugle Planet,b'Comedy is when you take two headlines about different things and then confuse them. Updates hourly. // By @tinysubversions',None,7846,1,400,Tue Aug 27 16:00:04 +0000 2013,8,FALSE,27596,en,"{'created_at': 'Sat Mar 11 23:08:05 +0000 2017', 'id': 840700884602482688, 'id_str': '840700884602482688', 'text': b'Packers sign TE OPEC', 'truncated': False, 'entities': {'hashtags': [], 'symbols': [], 'user_mentions': [], 'urls': []}, 'source': b'<a href=""http://tinysubversions.com"" rel=""nofollow"">Two Headlines</a>', 'in_reply_to_status_id': None, 'in_reply_to_status_id_str': None, 'in_reply_to_user_id': None, 'in_reply_to_user_id_str': None, 'in_reply_to_screen_name': None, 'geo': None, 'coordinates': None, 'place': None, 'contributors': None, 'is_quote_status': False, 'retweet_count': 1, 'favorite_count': 2, 'favorited': False, 'retweeted': False, 'lang': 'en'}",TRUE,FALSE,FALSE,b'Two Headlines',1
2946240832,2946240832,acrotowne,,b'By @zhaytee // Learn how to play here: https://t.co/a38R7wz9tO',None,190,187,20,Sun Dec 28 18:19:51 +0000 2014,1,FALSE,11035,en,"{'created_at': 'Sat Mar 11 19:20:52 +0000 2017', 'id': 840643705371516928, 'id_str': '840643705371516928', 'text': b'Game over! Thanks for playing. Next round starts 6 hours from now. \xf0\x9f\x98\x81 \xca\xba', 'truncated': False, 'entities': {'hashtags': [], 'symbols': [], 'user_mentions': [], 'urls': []}, 'source': b'<a href=""http://acrotowne.city/"" rel=""nofollow"">acrotowne2</a>', 'in_reply_to_status_id': None, 'in_reply_to_status_id_str': None, 'in_reply_to_user_id': None, 'in_reply_to_user_id_str': None, 'in_reply_to_screen_name': None, 'geo': None, 'coordinates': None, 'place': None, 'contributors': None, 'is_quote_status': False, 'retweet_count': 0, 'favorite_count': 0, 'favorited': False, 'retweeted': False, 'lang': 'en'}",FALSE,FALSE,FALSE,b'acrotowne',1
3349538164,3349538164,Botston,,b'No-one tweets like Bot-ston | Bot by @mewo2',https://t.co/HSFJaSfDmL,1047,1,60,Sun Jun 28 18:13:30 +0000 2015,0,FALSE,3657,en,"{'created_at': 'Sun Mar 12 01:10:17 +0000 2017', 'id': 840731638787121152, 'id_str': '840731638787121152', 'text': b""\xe2\x99\xab No-one's eared as Gaston / A worth beard like Gaston / No-one's frock's as incredibly weird as Gaston \xe2\x99\xab https://t.co/Ekd49GPdU4"", 'truncated': False, 'entities': {'hashtags': [], 'symbols': [], 'user_mentions': [], 'urls': [], 'media': [{'id': 840731611591254016, 'id_str': '840731611591254016', 'indices': [106, 129], 'media_url': 'http://pbs.twimg.com/ext_tw_video_thumb/840731611591254016/pu/img/t-rwWrEh-J9dbus1.jpg', 'media_url_https': 'https://pbs.twimg.com/ext_tw_video_thumb/840731611591254016/pu/img/t-rwWrEh-J9dbus1.jpg', 'url': 'https://t.co/Ekd49GPdU4', 'display_url': 'pic.twitter.com/Ekd49GPdU4', 'expanded_url': 'https://twitter.com/Botston/status/840731638787121152/video/1', 'type': 'photo', 'sizes': {'thumb': {'w': 150, 'h': 150, 'resize': 'crop'}, 'medium': {'w': 600, 'h': 338, 'resize': 'fit'}, 'small': {'w': 340, 'h': 191, 'resize': 'fit'}, 'large': {'w': 640, 'h': 360, 'resize': 'fit'}}}]}, 'extended_entities': {'media': [{'id': 840731611591254016, 'id_str': '840731611591254016', 'indices': [106, 129], 'media_url': 'http://pbs.twimg.com/ext_tw_video_thumb/840731611591254016/pu/img/t-rwWrEh-J9dbus1.jpg', 'media_url_https': 'https://pbs.twimg.com/ext_tw_video_thumb/840731611591254016/pu/img/t-rwWrEh-J9dbus1.jpg', 'url': 'https://t.co/Ekd49GPdU4', 'display_url': 'pic.twitter.com/Ekd49GPdU4', 'expanded_url': 'https://twitter.com/Botston/status/840731638787121152/video/1', 'type': 'video', 'sizes': {'thumb': {'w': 150, 'h': 150, 'resize': 'crop'}, 'medium': {'w': 600, 'h': 338, 'resize': 'fit'}, 'small': {'w': 340, 'h': 191, 'resize': 'fit'}, 'large': {'w': 640, 'h': 360, 'resize': 'fit'}}, 'video_info': {'aspect_ratio': [16, 9], 'duration_millis': 10000, 'variants': [{'content_type': 'application/x-mpegURL', 'url': 'https://video.twimg.com/ext_tw_video/840731611591254016/pu/pl/kDkIWthfEogNY4OU.m3u8'}, {'bitrate': 320000, 'content_type': 'video/mp4', 'url': 'https://video.twimg.com/ext_tw_video/840731611591254016/pu/vid/320x180/vnY4uDKFEgOOtYmM.mp4'}, {'bitrate': 832000, 'content_type': 'video/mp4', 'url': 'https://video.twimg.com/ext_tw_video/840731611591254016/pu/vid/640x360/qhQTROPiTEeGlq5B.mp4'}]}, 'additional_media_info': {'monetizable': False}}]}, 'source': b'<a href=""http://www.martinoleary.com/"" rel=""nofollow"">Martin\'s Bot App</a>', 'in_reply_to_status_id': None, 'in_reply_to_status_id_str': None, 'in_reply_to_user_id': None, 'in_reply_to_user_id_str': None, 'in_reply_to_screen_name': None, 'geo': None, 'coordinates': None, 'place': None, 'contributors': None, 'is_quote_status': False, 'retweet_count': 2, 'favorite_count': 0, 'favorited': False, 'retweeted': False, 'possibly_sensitive': False, 'lang': 'en'}",TRUE,FALSE,FALSE,b'Bot-ston',1
7.21E+17,7.21E+17,ablankblank,eternally stuck on step one,b'filling out the okcupid signup form with suggestions from bing\xef\xbd\x9crobot sequel to https://t.co/SWWiPycJv9\xef\xbd\x9crelatable queer content\xe2\x84\xa2',https://t.co/b6QHNecWdF,160,2,20,Thu Apr 14 10:24:59 +0000 2016,50,FALSE,3539,en-gb,"{'created_at': 'Sun Mar 12 00:52:49 +0000 2017', 'id': 840727245387894789, 'id_str': '840727245387894789', 'text': b'i am a [sketch] of a [car] https://t.co/Gvq7NzQQS1', 'truncated': False, 'entities': {'hashtags': [], 'symbols': [], 'user_mentions': [], 'urls': [], 'media': [{'id': 840727243550801920, 'id_str': '840727243550801920', 'indices': [27, 50], 'media_url': 'http://pbs.twimg.com/media/C6rc-UDWwAA5AEp.png', 'media_url_https': 'https://pbs.twimg.com/media/C6rc-UDWwAA5AEp.png', 'url': 'https://t.co/Gvq7NzQQS1', 'display_url': 'pic.twitter.com/Gvq7NzQQS1', 'expanded_url': 'https://twitter.com/ablankblank/status/840727245387894789/photo/1', 'type': 'photo', 'sizes': {'small': {'w': 680, 'h': 360, 'resize': 'fit'}, 'medium': {'w': 1034, 'h': 548, 'resize': 'fit'}, 'thumb': {'w': 150, 'h': 150, 'resize': 'crop'}, 'large': {'w': 1034, 'h': 548, 'resize': 'fit'}}}]}, 'extended_entities': {'media': [{'id': 840727243550801920, 'id_str': '840727243550801920', 'indices': [27, 50], 'media_url': 'http://pbs.twimg.com/media/C6rc-UDWwAA5AEp.png', 'media_url_https': 'https://pbs.twimg.com/media/C6rc-UDWwAA5AEp.png', 'url': 'https://t.co/Gvq7NzQQS1', 'display_url': 'pic.twitter.com/Gvq7NzQQS1', 'expanded_url': 'https://twitter.com/ablankblank/status/840727245387894789/photo/1', 'type': 'photo', 'sizes': {'small': {'w': 680, 'h': 360, 'resize': 'fit'}, 'medium': {'w': 1034, 'h': 548, 'resize': 'fit'}, 'thumb': {'w': 150, 'h': 150, 'resize': 'crop'}, 'large': {'w': 1034, 'h': 548, 'resize': 'fit'}}}]}, 'source': b'<a href=""https://tinruufu.bot.nu/"" rel=""nofollow"">Ok\xe2\x85\xadupid</a>', 'in_reply_to_status_id': None, 'in_reply_to_status_id_str': None, 'in_reply_to_user_id': None, 'in_reply_to_user_id_str': None, 'in_reply_to_screen_name': None, 'geo': None, 'coordinates': None, 'place': None, 'contributors': None, 'is_quote_status': False, 'retweet_count': 0, 'favorite_count': 0, 'favorited': False, 'retweeted': False, 'possibly_sensitive': False, 'lang': 'en'}",FALSE,FALSE,FALSE,b'i am a [\xe3\x80\x80\xe3\x80\x80] [\xe3\x80\x80\xe3\x80\x80]',1